metric,pred
semantic_sim,0.6999972486022781
modifier_sim,0.447623074791984
